username, user, location, gender
zhiqings, Zhiqing Sun, USA, Unknown
jysohn23, Daniel JinYoung Sohn, USA, Male
LudovicPeran, LUDOVIC PERAN, , Male
jwexler, James Wexler, , Male
iftenney, Ian Tenney, USA, Male
tsellam, Thibault Sellam, USA, Male
mihirkale, Mihir Sanjay Kale, , Male
omertov, Omer Tov, , Male
jwieting, John Wieting, USA, Male
vaxelrod, Vera Axelrod, , Female
riesa, Jason Riesa, USA, Male
jhclark, Jonathan Clark, USA, Male
ydshieh, Yih-Dar SHIEH, France, Male
ArthurZ, Arthur Zucker, , Male
peterjliu, Peter J Liu, USA, Male
jiaye, Ye Jia, USA, Unknown
roeeaharoni, Roee Aharoni, Israel, Male
akhaliq, AK, , Unknown
keerthanpg, Keerthana Gopalakrishnan, USA, Female
dwj926, DJ, , Unknown
jackcao, Xujia Cao, , Unknown
ebrevdo, Eugene Brevdo, , Male
kcaluwae, Ken, , Male
paragsmhatre, Parag Sanjay Mhatre, , Male
errollw, Erroll, UK, Male
chris113113, Christopher Pirillo, USA, Male
joewoodworth, Joe Woodworth, , Male
william-apollo, William Apollo, , Male
ivywang, Ivy Wang, , Female
MarkusRabe, Markus Rabe, , Male
qwertier, Aaron Ma, , Male
BasilMustafa, Basil Mustafa, Switzerland, Male
dtheron, Danie Theron, USA, Male
evolvedHow, Vish Ganapathy, , Unknown
liviutzu, Liviu Panait, , Male
FPRZ, François Pérez, , Male
metrizable, Eric Johnson, USA, Male
angusl72, Angus Laird, , Male
gevang, Georgios Evangelopoulos, USA, Male
atredi, Lewis Therin, , Male
williamabernathy, Fengxiang LI, , Unknown
manutt, Manuel Tragut, , Male
kannappan, Kannappan Sirchabesan, UK, Male
brandonkeiji, Brandon Keiji, , Male
suchitpuri, Suchit Puri, India, Male
karukas, Stephen Karukas, , Male
Leko12345, Leo Kertsman, , Male
dgletts, David Letts, , Male
uniemann, Ulrich Niemann, , Male
eemmeme, M.E. Francis, USA, Unknown
jaaustin, Jacob Austin, , Male
Mindya, Biznass, , Unknown
acmoles, Anthony Moles Lyall, UK, Male
montse90, Montserrat Gonzalez Arenas, USA, Female
mniemeyer, Michael Niemeyer, , Male
CrazyHippo, Henrik Warfvinge, Sweden, Male
barshow, barshow, , Unknown
calvin80, Ajay, , Unknown
scytulip, Congyin Shi, , Unknown
tommysiu, Tommy Siu, , Male
y-ler, Michael, , Male
kubarozek, Kuba Rożek, , Male
the-vsp, vsp, , Unknown
jfarri, Joe Farri, USA, Male
pjsu, Pengjun Su, , Unknown
amitmarathe, A M, , Unknown
ronler, Ron Lehrer, , Male
mateuswagner, Mateus Wagner, , Male
mohabfekry, Mohab Fekry, Germany, Male
nfurlotte, Nick Furlotte, , Male
ckbjimmy, ckbjimmy, , Unknown
lunaspace, lunaspace, , Unknown
littleavocado, Jie Shi, Germany, Unknown
eisenjulian, Julian Eisenschlos, Switzerland, Male
mandarjoshi, Mandar Joshi, , Male
HeyHolmes, Allan, USA, Male
advaitb, Advait Bopardikar, , Male
suvtab, Wei, , Unknown
adarob, Adam Roberts, USA, Male
dsuarezvgo, David Suarez, , Male
kushalchauhan, Kushal Chauhan, India, Male
tsymonds, Symonds, , Unknown
JonasNeto, Jonas Neto, , Male
ellenmezera, Ellen Mezera, , Female
enkufeleke, Enku Feleke, , Unknown
becky520, Becky Zhang, , Female
Creo, Moll, , Unknown
orlygonzalez, Orly Gonzalez, , Unknown
hasanawais, Hasan Awais, , Male
lingjies, Lingjie Sang, , Unknown
Jar111, Hen111, , Unknown
pablogilgoogle, Pablo Gil, , Male
Tereissa, Sanz, , Unknown
xinlihou, Xinli Hou, , Unknown
pradz-google, Pradyumna Newalkar, , Male
andrefaraujo, Andre Araujo, , Male
sam0109, Sam Sobell, , Male
tmensink, Thomas Mensink, The Netherlands, Male
gkroiz, Gerson Kroiz, USA, Male
yudun, Shimin Wang, , Unknown
fl399, Fangyu Liu, USA, Unknown
andsteing, Andreas P. Steiner, Switzerland, Male
AnandInguva, Anand Inguva, UK, Male
jmfan, Jiameng Fan, , Unknown
lukmanr, Lukman Ramsey, USA, Male
rjagerman, Rolf Jagerman, The Netherlands, Male
adamqin, Adam Q, , Unknown
nilayjain, Nilay Jain, , Male
chankh, KH Chan, Hong Kong, Unknown
airlrj, Renjie, , Unknown
gagagala, Jeff Guo, , Male
chenyi820, Chenyi Wang, , Unknown
bbbbbbk, Lee Brandon Keely, , Male
togokida, Togo Kida, Japan, Male
omkarahane, Omkar Rahane, , Male
Zoeyj, Yanjun Zhou, , Female
manashd, Manash Das, , Male
minjkang, minjkang, , Unknown
miticojo, Giorgio Crivellari, Italy, Male
sarahcogan, Sarah Cogan, , Female
simonsterk, Simon Kornblith, USA, Male
rodrigob, Rodrigo Benenson, Switzerland, Male
VivZoid, NA, , Unknown
matomato, Matias Paglioni, , Male
marcialrg, MarcialRoman, , Male
chiefkarlin, Rob Vogelbacher, , Male
arturmendonca, Artur Mendonca, , Male
feizheng, Zheng, , Unknown
rwmyers46, Russ Myers, , Male
ismac, Isma, , Unknown
Mrojek, M R, , Unknown
r1emann, Haoran Sun, , Unknown
purohik, Krishna Purohit, , Male
jgutter, Justin Gutter, , Male
kshitizk, Kshitiz Kumar, , Male
lysandre, Lysandre, France, Unknown
gabemonroy, Gabe, USA, Male
anureddy13, Anu Reddy, USA, Female
SelvaJ, Jagannathan, , Male
liferoad, Xiangqian Hu, , Unknown
mariecwhite, Marie White, , Female
mcahny, Dahun Kim, , Unknown
jfkagy, JF Kagy, , Unknown
BeAri, Aritra Banerjee, , Male
mattdevine, Matt Devine, , Male
yaqliu, liu, , Unknown
RCA04, elmehdi miless, , Unknown
ColinCherry, Colin Cherry, Canada, Male
sterlingwhite, Sterling White, USA, Male
ptshaw, Peter Shaw, USA, Male
emilyreif, Emily Reif, USA, Female
dynamicwebpaige, Paige Bailey, USA, Female
MassimoNicosia, Massimo Nicosia, Switzerland, Male
amundson, Julie Amundson, , Female
WujingC, WujingC, , Unknown
lu-wang-google, Lu Wang, , Unknown
mithro, Tim Ansell, USA, Male
aarsanjani, Ali Arsanjani, , Male
jopg, Jorge O, , Male
xarcher, Pratham Pandey, , Male
QueenieZ, Queenie, , Female
gbroz, Greg Brosman, , Male
nagasrinivas, Naga Srinivas Vemuri, , Male
agarwl, Rishabh Agarwal, Canada, Male
jstaffordgoogle, John Stafford, , Male
cjhuang, Huang, , Unknown
sdeluna, Stephan DeLuna, , Male
eugeneyu, Eugene Yu, , Male
hurjunhwa, Junhwa Hur, USA, Unknown
JelaniThompson, Jelani Thompson, Canada, Male
aditya716, aditya sharma, , Male
marcenacp, Pierre Marcenac, Switzerland, Male
Abhinand20, Abhinand, , Male
isabelaalb, Isabela Albuquerque, Canada, Female
khaimov, Russ Khaimov, USA, Male
algeas, G, , Unknown
sarveshmahajan, Sarvesh Mahajan, , Male
ahmetius, Ahmet Iscen, , Male
DannyWasserman, Danny Lumen, , Male
ccl-core, Stanze Conforti, , Unknown
Vadoid, Vadim Zaripov, UK, Male
andreahu, Andrea Hu, , Female
ginnyg, Ginny, , Female
jaindeepali, Deepali Jain, India, Female
thiemoall, Thiemo Alldieck, Switzerland, Male
kolotouros, Nikos Kolotouros, USA, Male
amirlivne, Amir Livne, , Male
roopalgarg, Roopal Garg, USA, Female
Cyren4, Cyrena, , Female
fuxs, Michael B, Germany, Male
rgoroshin, Ross Goroshin, , Male
shinestar11, Kim, , Unknown
brianchunkang, Brian Kang, , Male
tmrolle, Theodore Rolle, , Male
shiva2022, Shivaji, USA, Male
mountfordg, Brian Mountford, , Male
googdmy, Dan Merrikh, , Male
mjlm, Matthias Minderer, Switzerland, Male
fcole, Forrester Cole, USA, Male
nwipfli, Nicolas Wipfli, , Male
fcasterline, Foster Casterline, , Male
macroxue, Hanhong Xue, , Unknown
rishi01, Rishikesh Dhayarkar, , Male
kimoonkim, Ki Moon, , Unknown
PrakhAI, Prakhar Banga, , Male
sandraorion, Aleksandra Faust, USA, Female
quadriat, Julian, , Male
TheMegusAlexandrus, Mustafa Safdari, , Male
tyl5566, Yonglong Tian, USA, Male
vijaikalyan, Vijai Kalyan, , Male
vance46, Vance Wang, , Male
fourinone, kiril stoimenov, , Male
piotrostr, Piotr Ostrowski, Poland, Male
StefGCP, Stefanni Cavaletto, Chile, Female
Abhirut, Gupta, India, Male
jmshen, Jiaming Shen, USA, Male
russmcree, Russ McRee, USA, Male
amansc, Aman Chhabra, , Male
joapuipe, Joan Puigcerver, Switzerland, Male
Ericaliu, Erica Liu, , Female
learning-ai, Akshay, , Male
leeahnduk, Le Anh Duc, Singapore, Male
drkyletaylor, Kyle Taylor, UK, Male
akashchaudhary, Akash Chaudhary, , Male
yang-1234, Yang Jian, , Unknown
shamidreza, Hamid Mohammadi, USA, Male
wbradbur, Will Bradbury, , Male
oteret, Ettore Randazzo, Switzerland, Male
adityarjn, Aditya Ranjan, India, Male
julienmiquel, Miquel, , Male
cer-google, Daniel Cer, , Male
hdeist, Henry Deist, , Male
harrylingua, Harsh Lara, , Male
mohitsu, Mohit Sudhakar, USA, Male
klrajkotia, Kaushal R, , Male
rootto, Nicola Salvo, , Male
wq2012, Quan, USA, Unknown
timodenk, Timo Denk (Google), , Male
hiror, Morihiro Ryu, , Male
SaadManzur, Saad Manzur, , Male
adnanfida, Adnan Fida, , Male
jonbolin, Jon Bolin, , Male
TkabrahamG, Thomas Abraham, , Male
tabathal, Tabatha Lewis, USA, Female
ferya, Feryal Behbahani, UK, Female
marinazhang, Marina Zhang, , Female
pengchong, Pengchong Jin, , Unknown
protosser, LJ, , Unknown
qihqi, Han, USA, Unknown
genquan, Duan, , Unknown
alihcevik, Ali Cevik, , Male
idoshalit, Ido Shalit, , Male
Srizzle, Xingyou Song, , Unknown
keviny66, Tianhe Yu, , Male
bmullan, barry mullan, , Male
qroshan, Roshan Diwakar, , Male
jtpeter, Jan-Thorsten Peter, , Male
nicastellanos, Nic Castellanos, , Male
x-test, Cecilia Chen, , Female
cspnanda, C S P Nanda, , Unknown
harmerj, Jon Harmer, , Male
leeboonstra, Lee Boonstra, The Netherlands, Male
daveswersky, Dave Swersky, , Male
tli8hf, Tao Li, USA, Unknown
chenblair, Blair Chen, Hong Kong, Unknown
danieldeutsch, Daniel Deutsch, USA, Male
swoonna, Sanjana Woonna, , Female
trisfromgoogle, Tris Warkentin, , Unknown
corrywang, Corry Wang, , Unknown
lukaszbk-google, Lukasz Bieniasz-Krzywiec, , Male
rajatpandit, Rajat Pandit, India, Male
YakirY, Yehuda, , Male
equester, Lavi Nigam, , Unknown
zorik, Zorik, Israel, Unknown
jffacevedo, Juan Acevedo, USA, Male
jonne-google, Jonne Saleva, , Male
manvinder, Manvinder Singh, USA, Male
wayneee999, wayne, , Unknown
deokfilho, Deok Filho, USA, Male 
ashish2023, Ashish, , Male
kalschi, Michael Chi, Taiwan, Male
tyuchn, Yuchen Tian, , Unknown
iprotsyuk, Ivan Protsyuk, , Male
nvijay, Vijay, , Male
elissaye, Elissa Ye, , Female
vperot, Vincent, , Male
Arwenin, Sandra Schwinn, , Female
dmcabrera, Martín Cabrera, , Male
GoogleMicroserf, Jerome Holman, USA, Male
shengshiqi, Shiqi Sheng, , Unknown
fsoediufjsfjlks, Harsh, , Male
acolaco, Andrea Colaco, , Female
rick-c-goog, RIck Chen, , Male
annesamg, Sam Silverberg, , Male
elroylbj, roy, , Male
gkcng, Gary Ng, , Male
yannipen, yanni peng, USA, Unknown
cydercyn, Chiam Yu Ng, , Unknown
danielatgoogle, Daniel Cox, , Male
changyuz, KCFindstr, , Unknown
jchavezarg, Jesus Chavez, , Male
AliHai, Ali, , Male
digitalexander, Alexander Mossin, USA, Male
danir0, Daniel Roisman, , Male
felixlifeng, Feng Li, , Male
eltiburonIL, Dima, , Unknown
mo00ose, mustafa bagdatli, , Male
egongoogle, Egon Soares, , Male
samratphSamrat Phatale, USA, Male
jwyang001, Junwei Yang, , Male
chelsieczop, chelsie czop, , Female
chengrun, Chengrun Yang, USA, Unknown
kchinmay, Chinmay Kulkarni, USA, Male
iamjackk, Jack Krawczyk, USA, Male
dmarzini, Daniel Marzini, Italy, Male
aghandeharioun, AG, , Unknown
pchyin, Pengcheng Yin, , Male
gozzo87, Max Vladymyrov, , Male
abdulrashids, Rashid Sampaco III, , Male
davemorris, Dave Morris, USA, Male
alexgcp, Alex Zhang, USA, Male
psabhishek, patil, , Unknown
mrke195, Nick Smith, , Male
cwah, Catherine Wah, , Female
RCrowe, Robert Crowe, , Male
Marcinnnn, Piasecki, , Male
aziiraa, oraziiraa, , Unknown
Athena772, Apoorva Athena Singh, , Female
yyetim, Yavuz Yetim, , Male
garyzhao9012, Long Zhao, USA, Male
vangas, Sireesha vanga, India, Female
taylormitchellG, Taylor Mitchell, USA, Male
RamyaSreeBoppana, Ramya Sree Boppana, USA, Female
fluisier, Florian Luisier, , Male
gouravmann, Gourav Mann, , Male
ManiSingh, Maninder Singh, , Male
palladius, Riccardo Carlesso, Switzerland, Male
svaibhav, Vaibhav Singh, , Male
pcuenq, Pedro Cuenca, Spain, Male
pmotter, Pate Motter, USA, Male
ssusie, Susie Sargsyan, , Female
vjsingh, Vijaya Singh, , Female
alexspiridonov, Alex Spiridonov, , Male
shiweiliu, shiweiliu, , Unknown
vanwijck, Tom van Wijck, , Male
AlexeyG, Alexey Gritsenko, The Netherlands, Male
benyan, Ben Yan, USA, Male
walshm, Matt Walsh, , Male
Moehamster, Shijun Liu, , Male
MarengoL, Olena, , Female
yeemachine-g, Richard Yee, , Male
dbieber, David Bieber, USA, Male
thomaslmc, Thomas Le Moullec, , Male
jagadeeswar, samidala, , Unknown
Mukul1, Mukul Chaudhary, , Male
jorsj, Jorge Sierra, , Male
awebson, Albert Webson, , Male
lauraio, Laura Ionita, , Female
kzawadzka, Karina Zawadzka, , Female